DUID,PROJECT_NAME,LOCATION,REZ,REZ_NAME,STATE,REGIONID,NAMEPLATE_MW,VOLTAGE_KV,FUEL_TYPE,TECHNOLOGY,MLF_FY24-25,MLF_FY25-26,MLF_FY26-27 (Draft),CURTAILMENT_ACTUAL_FY23-24,CURTAILMENT_ACTUAL_FY24-25,ELI_CURTAILMENT_NEAR,ELI_CURTAILMENT_MED,ISP_CURTAILMENT_FY1,ISP_CURTAILMENT_FY1_LABEL,ISP_CURTAILMENT_FY2,ISP_CURTAILMENT_FY2_LABEL,ISP_CURTAILMENT_FY3,ISP_CURTAILMENT_FY3_LABEL,ISP_CURTAILMENT_AVG,ISP_OFFLOADING_FY1,ISP_OFFLOADING_FY1_LABEL,ISP_OFFLOADING_FY2,ISP_OFFLOADING_FY2_LABEL,ISP_OFFLOADING_FY3,ISP_OFFLOADING_FY3_LABEL,ISP_OFFLOADING_AVG
AVLSF1,Avonlie Solar Farm,Wagga,Y,Wagga Wagga,NSW,NSW1,254.1,132.0,Solar,Renewable,0.8446,0.8698,0.8245,0.0511,0.1441,0.585990827565887,0.00631707880200049,0.0,25-26,0.0,26-27,0.0,27-28,0.0,0.01,25-26,0.03,26-27,0.06,27-28,0.03333333333333333
BERYLSF1,Beryl Solar Farm,Beryl,Y,Central West Orana,NSW,NSW1,98.4,66.0,Solar,Renewable,0.9182,0.9284,0.9235,0.0521,0.128,0.636442356808484,0.6001917294906,0.15,25-26,0.12,26-27,0.16,27-28,0.14333333333333334,0.21,25-26,0.19,26-27,0.22,27-28,0.20666666666666667
BOMENSF1,Bomen Solar Farm,Wagga,Y,Wagga Wagga,NSW,NSW1,121.0,132.0,Solar,Renewable,0.8719,0.9187,0.869,0.132,0.123,0.585990827565887,0.00631707880200049,0.0,25-26,0.0,26-27,0.0,27-28,0.0,0.01,25-26,0.03,26-27,0.06,27-28,0.03333333333333333
BROKENH1,Broken Hill Solar Plant,Broken Hill,Y,Broken Hill,NSW,NSW1,53.0,22.0,Solar,Renewable,0.7784,0.8642,0.8405,0.115,0.1492,0.399270575823056,0.017550018083952,0.0,25-26,0.03,26-27,0.02,27-28,0.016666666666666666,0.0,25-26,0.09,26-27,0.12,27-28,0.06999999999999999
CESF1,Capital East Solar Farm,,N,Non-REZ,NSW,NSW1,0.205,,Solar,Renewable,0.9751,0.9954,0.9961,,,,,,25-26,,26-27,,27-28,,,25-26,,26-27,,27-28,
COLEASF1,Coleambally Solar Farm,Griffith,N,Non-REZ,NSW,NSW1,150.3,132.0,Solar,Renewable,0.8367,0.873,0.825,0.0327,0.0292,0.64186785726147,0.0107432723897736,,25-26,,26-27,,27-28,,,25-26,,26-27,,27-28,
CRWASF1,Corowa Solar Farm,Dinawan,Y,South west NSW,NSW,NSW1,36.01,132.0,Solar,Renewable,0.8979,0.9355,0.8778,0.0862,0.0799,0.529503172508041,7.25361393862922e-05,0.11,25-26,0.09,26-27,0.01,27-28,0.07,0.16,25-26,0.17,26-27,0.09,27-28,0.14
CUSF1,Culcairn Solar Farm,,N,Non-REZ,NSW,NSW1,466.0,,Solar,Renewable,0.9167,0.9278,0.8853,,,,,,25-26,,26-27,,27-28,,,25-26,,26-27,,27-28,
DARLSF1,Darlington Point Solar Farm,Griffith,N,Non-REZ,NSW,NSW1,274.97,132.0,Solar,Renewable,0.8439,0.8854,0.8395,0.0636,0.0833,0.64186785726147,0.0107432723897736,,25-26,,26-27,,27-28,,,25-26,,26-27,,27-28,
FINLYSF1,Finley Solar Farm,Deniliquin,N,Non-REZ,NSW,NSW1,162.36,132.0,Solar,Renewable,0.8651,0.8898,0.8387,0.0643,0.0762,0.703282699789685,0.264676213474225,,25-26,,26-27,,27-28,,,25-26,,26-27,,27-28,
GESF1,Glenellen Solar Farm,,N,Non-REZ,NSW,NSW1,264.0,,Solar,Renewable,,0.9255,0.884,,,,,,25-26,,26-27,,27-28,,,25-26,,26-27,,27-28,
GOONSF1,Goonumbla Solar Farm,Parkes,Y,Central West Orana,NSW,NSW1,69.75,66.0,Solar,Renewable,0.8969,0.8888,0.8827,0.132,0.3285,0.87127903942823,0.886109380719023,0.15,25-26,0.12,26-27,0.16,27-28,0.14333333333333334,0.21,25-26,0.19,26-27,0.22,27-28,0.20666666666666667
GRIFSF1,Griffith Solar Farm,Griffith,N,Non-REZ,NSW,NSW1,27.19,33.0,Solar,Renewable,0.8424,0.8921,0.8493,,,0.64186785726147,0.0107432723897736,,25-26,,26-27,,27-28,,,25-26,,26-27,,27-28,
GULLRSF1,Gullen Range Solar Farm,Marulan,N,Non-REZ,NSW,NSW1,10.0,330.0,Solar,Renewable,0.9498,0.962,0.9605,0.0328,0.1353,0.165388664850326,0.000681438300925263,,25-26,,26-27,,27-28,,,25-26,,26-27,,27-28,
GNNDHSF1,Gunnedah Solar Farm,Gunnedah,Y,Northwest NSW,NSW,NSW1,110.0,132.0,Solar,Renewable,0.8394,0.8437,0.8473,0.1268,0.1778,0.903607825126104,0.900375357730696,0.0,25-26,0.01,26-27,0.01,27-28,0.006666666666666667,0.04,25-26,0.1,26-27,0.09,27-28,0.07666666666666667
HILLSTN1,Hillston Sun Farm ,Griffith,N,Non-REZ,NSW,NSW1,110.0,132.0,Solar,Renewable,0.8482,0.8888,0.848,0.1304,0.2781,0.64186785726147,0.0107432723897736,,25-26,,26-27,,27-28,,,25-26,,26-27,,27-28,
JEMALNG1,Jemalong Solar Project,Parkes,N,Non-REZ,NSW,NSW1,55.0,66.0,Solar,Renewable,0.8943,0.8923,0.8823,0.0695,0.1147,0.87127903942823,0.886109380719023,,25-26,,26-27,,27-28,,,25-26,,26-27,,27-28,
JUNEESF1,Junee Solar Farm,Wagga,Y,Wagga Wagga,NSW,NSW1,36.01,132.0,Solar,Renewable,0.8752,0.922,0.8725,0.1534,0.2801,0.585990827565887,0.00631707880200049,0.0,25-26,0.0,26-27,0.0,27-28,0.0,0.01,25-26,0.03,26-27,0.06,27-28,0.03333333333333333
LIMOSF11,Limondale Solar Farm 1,Balranald,Y,South west NSW,NSW,NSW1,230.0,220.0,Solar,Renewable,0.7774,0.8529,0.809,0.1138,0.2431,0.505349468159863,0.286268642359214,0.11,25-26,0.09,26-27,0.01,27-28,0.07,0.16,25-26,0.17,26-27,0.09,27-28,0.14
LIMOSF21,Limondale Solar Farm 2,Balranald,Y,South west NSW,NSW,NSW1,28.98,22.0,Solar,Renewable,0.7793,0.8528,0.8143,0.1244,0.2403,0.505349468159863,0.286268642359214,0.11,25-26,0.09,26-27,0.01,27-28,0.07,0.16,25-26,0.17,26-27,0.09,27-28,0.14
MANSLR1,Manildra solar Farm,Molong,Y,Central West Orana,NSW,NSW1,50.0,132.0,Solar,Renewable,0.9541,0.94,0.9397,0.4514,0.5511,0.919931770355409,0.928940919385981,0.15,25-26,0.12,26-27,0.16,27-28,0.14333333333333334,0.21,25-26,0.19,26-27,0.22,27-28,0.20666666666666667
METZSF1,Metz Solar Farm,Armidale,Y,New England,NSW,NSW1,135.0,132.0,Solar,Renewable,0.8668,0.8557,0.8702,0.0075,0.0614,0.231026075027885,0.0508351004251619,0.1,25-26,0.15,26-27,0.24,27-28,0.16333333333333333,0.16,25-26,0.26,26-27,0.34,27-28,0.25333333333333335
MOLNGSF1,Molong Solar Farm,Molong,Y,Central West Orana,NSW,NSW1,36.08,66.0,Solar,Renewable,0.9616,0.9573,0.9517,0.488,0.5639,0.919931770355409,0.928940919385981,0.15,25-26,0.12,26-27,0.16,27-28,0.14333333333333334,0.21,25-26,0.19,26-27,0.22,27-28,0.20666666666666667
MOREESF1,Moree Solar Farm,Moree,Y,Northwest NSW,NSW,NSW1,56.0,66.0,Solar,Renewable,0.8086,0.8387,0.8541,0.012,0.0089,0.188257195450457,0.0686562187806459,0.0,25-26,0.01,26-27,0.01,27-28,0.006666666666666667,0.04,25-26,0.1,26-27,0.09,27-28,0.07666666666666667
MLSP1,Mugga Lane Solar Park,,N,Non-REZ,NSW,NSW1,12.0,,Solar,Renewable,0.9523,0.9821,0.9799,,,,,,25-26,,26-27,,27-28,,,25-26,,26-27,,27-28,
NASF1,Narromine Solar Farm,Wellington,N,Non-REZ,NSW,NSW1,9.2,132.0,Solar,Renewable,0.9284,0.923,0.9259,,,0.15663609258386,0.0670248501388058,,25-26,,26-27,,27-28,,,25-26,,26-27,,27-28,
NEVERSF1,Nevertire Solar Farm,Wellington,Y,Central West Orana,NSW,NSW1,104.64,132.0,Solar,Renewable,0.9284,0.923,0.9259,0.0332,0.078,0.15663609258386,0.0670248501388058,0.15,25-26,0.12,26-27,0.16,27-28,0.14333333333333334,0.21,25-26,0.19,26-27,0.22,27-28,0.20666666666666667
NEWENSF1,New England Solar Farm,Armidale,Y,New England,NSW,NSW1,200.0,330.0,Solar,Renewable,0.8901,0.8803,0.8943,0.0851,0.125,0.231026075027885,0.0508351004251619,0.1,25-26,0.15,26-27,0.24,27-28,0.16333333333333333,0.16,25-26,0.26,26-27,0.34,27-28,0.25333333333333335
NEWENSF2,New England Solar Farm,Armidale,Y,New England,NSW,NSW1,200.0,330.0,Solar,Renewable,0.8901,0.8803,0.8943,0.0885,0.1153,0.231026075027885,0.0508351004251619,0.1,25-26,0.15,26-27,0.24,27-28,0.16333333333333333,0.16,25-26,0.26,26-27,0.34,27-28,0.25333333333333335
NYNGAN1,Nyngan Solar Plant,Wellington,Y,Central West Orana,NSW,NSW1,102.03,132.0,Solar,Renewable,0.9835,0.9793,0.9698,0.0277,0.0388,0.15663609258386,0.0670248501388058,0.15,25-26,0.12,26-27,0.16,27-28,0.14333333333333334,0.21,25-26,0.19,26-27,0.22,27-28,0.20666666666666667
PARSF1,Parkes Solar Farm,Parkes,N,Non-REZ,NSW,NSW1,49.5,66.0,Solar,Renewable,0.8969,0.8888,0.8827,0.123,0.2694,0.87127903942823,0.886109380719023,,25-26,,26-27,,27-28,,,25-26,,26-27,,27-28,
QPSFB1,Quorn Park Solar Hybrid,,N,Non-REZ,NSW,NSW1,96.0,,Solar,Renewable,,1.019,0.8863,,,,,,25-26,,26-27,,27-28,,,25-26,,26-27,,27-28,
ROYALLA1,Royalla Solar Farm,,N,Non-REZ,NSW,NSW1,20.0,,Solar,Renewable,0.9515,0.9814,0.9656,,,,,,25-26,,26-27,,27-28,,,25-26,,26-27,,27-28,
SUNRSF1,SUNRAYSIA SF,Balranald,Y,South west NSW,NSW,NSW1,228.8,220.0,Solar,Renewable,0.7774,0.8529,0.8098,0.1059,0.1146,0.505349468159863,0.286268642359214,0.11,25-26,0.09,26-27,0.01,27-28,0.07,0.16,25-26,0.17,26-27,0.09,27-28,0.14
SEBSF1,Sebastopol Solar Farm,Canberaa,Y,Wagga Wagga,NSW,NSW1,90.0,132.0,Solar,Renewable,0.8752,0.922,0.8725,0.1766,0.2365,0.1571570475144,0.0362161714591237,0.0,25-26,0.0,26-27,0.0,27-28,0.0,0.01,25-26,0.03,26-27,0.06,27-28,0.03333333333333333
SKSF1,South Keswick Solar Farm,Haymarket,N,Non-REZ,NSW,NSW1,13.9,132.0,Solar,Renewable,0.9284,0.923,0.9259,,,0.167592623869037,0.000643212863569608,,25-26,,26-27,,27-28,,,25-26,,26-27,,27-28,
STUBSF1,Stubbo Solar Farm 1,Beryl,Y,Central West Orana,NSW,NSW1,202.0,330.0,Solar,Renewable,0.9422,0.9429,0.9421,,,0.636442356808484,0.6001917294906,0.15,25-26,0.12,26-27,0.16,27-28,0.14333333333333334,0.21,25-26,0.19,26-27,0.22,27-28,0.20666666666666667
STUBSF2,Stubbo Solar Farm 2,Beryl,Y,Central West Orana,NSW,NSW1,198.0,330.0,Solar,Renewable,0.9422,0.9429,0.9421,,,0.636442356808484,0.6001917294906,0.15,25-26,0.12,26-27,0.16,27-28,0.14333333333333334,0.21,25-26,0.19,26-27,0.22,27-28,0.20666666666666667
SUNTPSF1,Suntop Solar Farm,Wellington,Y,Central West Orana,NSW,NSW1,150.0,132.0,Solar,Renewable,0.9096,0.9073,0.9054,0.1231,0.1167,0.15663609258386,0.0670248501388058,0.15,25-26,0.12,26-27,0.16,27-28,0.14333333333333334,0.21,25-26,0.19,26-27,0.22,27-28,0.20666666666666667
WAGGNSF1,Wagga North Solar Farm,Wagga,Y,Wagga Wagga,NSW,NSW1,19.64,66.0,Solar,Renewable,0.872,0.9183,0.8686,0.1585,0.2501,0.585990827565887,0.00631707880200049,0.0,25-26,0.0,26-27,0.0,27-28,0.0,0.01,25-26,0.03,26-27,0.06,27-28,0.03333333333333333
WLWLSF1,Walla Walla Solar Farm 1,Wagga,N,Non-REZ,NSW,NSW1,151.97,330.0,Solar,Renewable,0.8853,0.9298,0.8796,,,0.585990827565887,0.00631707880200049,,25-26,,26-27,,27-28,,,25-26,,26-27,,27-28,
WLWLSF2,Walla Walla Solar Farm 2,Wagga,N,Non-REZ,NSW,NSW1,151.97,330.0,Solar,Renewable,0.8853,0.9298,0.8783,,,0.585990827565887,0.00631707880200049,,25-26,,26-27,,27-28,,,25-26,,26-27,,27-28,
WELNSF1,Wellington North Solar Farm,Wellington,Y,Central West Orana,NSW,NSW1,436.8,330.0,Solar,Renewable,0.9389,0.9339,0.9364,,0.0616,0.15663609258386,0.0670248501388058,0.15,25-26,0.12,26-27,0.16,27-28,0.14333333333333334,0.21,25-26,0.19,26-27,0.22,27-28,0.20666666666666667
WELLSF1,Wellington Solar Farm ,Wellington,Y,Central West Orana,NSW,NSW1,216.08,132.0,Solar,Renewable,0.9284,0.923,0.9259,0.0315,0.0306,0.15663609258386,0.0670248501388058,0.15,25-26,0.12,26-27,0.16,27-28,0.14333333333333334,0.21,25-26,0.19,26-27,0.22,27-28,0.20666666666666667
WSTWYSF1,West Wyalong Solar Farm,Griffith,N,Non-REZ,NSW,NSW1,105.27,132.0,Solar,Renewable,0.8752,0.922,0.8725,0.1433,0.1883,0.64186785726147,0.0107432723897736,,25-26,,26-27,,27-28,,,25-26,,26-27,,27-28,
WRSF1,White Rock Solar Farm,Armidale,Y,New England,NSW,NSW1,20.0,132.0,Solar,Renewable,0.8453,0.8149,0.8286,0.0652,0.0647,0.231026075027885,0.0508351004251619,0.1,25-26,0.15,26-27,0.24,27-28,0.16333333333333333,0.16,25-26,0.26,26-27,0.34,27-28,0.25333333333333335
WOLARSF1,Wollar Solar Farm,Wollar,N,Non-REZ,NSW,NSW1,280.0,330.0,Solar,Renewable,0.953,0.957,0.9548,,,0.158699742317549,0.000581408571101005,,25-26,,26-27,,27-28,,,25-26,,26-27,,27-28,
WYASF1,Wyalong Solar Farm,Wagga,N,Non-REZ,NSW,NSW1,62.32,132.0,Solar,Renewable,0.8752,0.922,0.8725,0.2031,0.1969,0.585990827565887,0.00631707880200049,,25-26,,26-27,,27-28,,,25-26,,26-27,,27-28,
ALDGASF1,Aldoga Solar Farm ,,N,Non-REZ,QLD,QLD1,535.213,,Solar,Renewable,0.9659,0.9318,0.9029,,,,,,25-26,,26-27,,27-28,,,25-26,,26-27,,27-28,
BAKING1,Baking Board Solar Farm,Tarong,N,Non-REZ,QLD,QLD1,14.7,132.0,Solar,Renewable,0.9442,0.9593,0.9461,,,0.233985863287972,0.0559828223482727,,25-26,,26-27,,27-28,,,25-26,,26-27,,27-28,
BARCSF1,Barcaldine Solar Farm,,N,Non-REZ,QLD,QLD1,20.0,,Solar,Renewable,0.937,0.941,0.9009,,,,,,25-26,,26-27,,27-28,,,25-26,,26-27,,27-28,
BLUEGSF1,Blue Grass Solar Farm,Tarong,Y,Darling Downs,QLD,QLD1,148.0,132.0,Solar,Renewable,0.9433,0.9543,0.9459,0.0523,0.0221,0.233985863287972,0.0559828223482727,0.0,25-26,0.0,26-27,0.0,27-28,0.0,0.01,25-26,0.02,26-27,0.02,27-28,0.016666666666666666
BRDDSF01,Broadsound Energy Park,,N,Non-REZ,QLD,QLD1,368.0,,Solar,Renewable,,0.929,0.9127,,,,,,25-26,,26-27,,27-28,,,25-26,,26-27,,27-28,
BUSF1,Bundaberg Solar Farm,,N,Non-REZ,QLD,QLD1,101.0,,Solar,Renewable,,0.9677,,,,,,,25-26,,26-27,,27-28,,,25-26,,26-27,,27-28,
CHILDSF1,Childers Solar Farm,Bundaberg,Y,Wide Bay,QLD,QLD1,64.38,132.0,Solar,Renewable,0.9828,0.9772,0.9566,0.0033,0.1154,0.218738210926131,0.0522010106762296,0.0,25-26,0.0,26-27,0.0,27-28,0.0,0.03,25-26,0.05,26-27,0.06,27-28,0.04666666666666667
CLARESF1,Clare Solar Farm,Ross,Y,Northern Queensland,QLD,QLD1,110.4,132.0,Solar,Renewable,0.9116,0.9363,0.885,0.2171,0.1651,0.219557634008624,0.0510095644706063,0.0,25-26,0.0,26-27,0.0,27-28,0.0,0.01,25-26,0.04,26-27,0.04,27-28,0.03
CLERMSF1,Clermont Solar Farm,Lilyvale,Y,Isaac,QLD,QLD1,92.5,132.0,Solar,Renewable,0.937,0.941,0.9009,0.0251,0.0201,0.22576156415161,0.0531062553506225,0.0,25-26,0.0,26-27,0.0,27-28,0.0,0.01,25-26,0.03,26-27,0.03,27-28,0.023333333333333334
CSPVPS1,Collinsville Solar PV Power Station,Strathmore,Y,Isaac,QLD,QLD1,42.5,33.0,Solar,Renewable,0.9356,0.9413,0.9016,0.0067,0.0057,0.221997464026796,0.0524178948511446,0.0,25-26,0.0,26-27,0.0,27-28,0.0,0.01,25-26,0.03,26-27,0.03,27-28,0.023333333333333334
COLUMSF1,Columboola Solar Farm,Columboola,Y,Darling Downs,QLD,QLD1,217.25,132.0,Solar,Renewable,0.9718,0.9865,0.9824,,0.0264,0.223370431255546,0.0519780465459995,0.0,25-26,0.0,26-27,0.0,27-28,0.0,0.01,25-26,0.02,26-27,0.02,27-28,0.016666666666666666
DDSF1,Darling Downs Solar Farm,Western Downs,Y,Darling Downs,QLD,QLD1,121.0,275.0,Solar,Renewable,0.9755,0.9849,0.9798,0.0047,0.0099,0.224633904533977,0.0520360014057779,0.0,25-26,0.0,26-27,0.0,27-28,0.0,0.01,25-26,0.02,26-27,0.02,27-28,0.016666666666666666
DAYDSF1,Daydream Solar Farm,Strathmore,Y,Isaac,QLD,QLD1,167.75,33.0,Solar,Renewable,0.9306,0.9396,0.9007,0.0048,0.0375,0.221997464026796,0.0524178948511446,0.0,25-26,0.0,26-27,0.0,27-28,0.0,0.01,25-26,0.03,26-27,0.03,27-28,0.023333333333333334
EDENVSF1,Edenvale Solar Park,Western Downs,Y,Darling Downs,QLD,QLD1,180.0,275.0,Solar,Renewable,0.9707,0.9823,0.9789,0.0135,0.053,0.224633904533977,0.0520360014057779,0.0,25-26,0.0,26-27,0.0,27-28,0.0,0.01,25-26,0.02,26-27,0.02,27-28,0.016666666666666666
EMERASF1,Emerald Solar Park,Lilyvale,N,Non-REZ,QLD,QLD1,72.0,66.0,Solar,Renewable,0.9331,0.9381,0.8972,0.3012,0.004,0.22576156415161,0.0531062553506225,,25-26,,26-27,,27-28,,,25-26,,26-27,,27-28,
GANGARR1,Gangarri Solar Farm,Western Downs,Y,Darling Downs,QLD,QLD1,162.0,132.0,Solar,Renewable,0.9788,0.9977,0.9918,0.0217,0.1852,0.224633904533977,0.0520360014057779,0.0,25-26,0.0,26-27,0.0,27-28,0.0,0.01,25-26,0.02,26-27,0.02,27-28,0.016666666666666666
GUSF1,Gunsynd Solar Farm,,N,Non-REZ,QLD,QLD1,122.775,,Solar,Renewable,,0.9836,0.98,,,,,,25-26,,26-27,,27-28,,,25-26,,26-27,,27-28,
HAMISF1,Hamilton Solar Farm,Strathmore,Y,Isaac,QLD,QLD1,57.5,33.0,Solar,Renewable,0.9305,0.9385,0.8977,0.016,0.0682,0.221997464026796,0.0524178948511446,0.0,25-26,0.0,26-27,0.0,27-28,0.0,0.01,25-26,0.03,26-27,0.03,27-28,0.023333333333333334
HAUGHT11,Haughton Solar Farm Stage 1,Ross,Y,Northern Queensland,QLD,QLD1,132.6,275.0,Solar,Renewable,0.9332,0.9475,0.9094,0.1235,0.0743,0.219557634008624,0.0510095644706063,0.0,25-26,0.0,26-27,0.0,27-28,0.0,0.01,25-26,0.04,26-27,0.04,27-28,0.03
HAYMSF1,Hayman Solar Farm,Strathmore,Y,Isaac,QLD,QLD1,57.75,33.0,Solar,Renewable,0.9306,0.9396,0.9007,0.0797,0.1862,0.221997464026796,0.0524178948511446,0.0,25-26,0.0,26-27,0.0,27-28,0.0,0.01,25-26,0.03,26-27,0.03,27-28,0.023333333333333334
HUGSF1,Hughenden Solar Farm,Ross,N,Non-REZ,QLD,QLD1,20.97,132.0,Solar,Renewable,0.9385,0.9516,0.918,,,0.219557634008624,0.0510095644706063,,25-26,,26-27,,27-28,,,25-26,,26-27,,27-28,
KEPSF1,Kennedy Energy Park,Ross,Y,North Queensland Clean Energy Hub,QLD,QLD1,15.0,132.0,Solar,Renewable,0.9703,0.9813,0.9664,0.1091,0.0888,0.219557634008624,0.0510095644706063,0.0,25-26,0.0,26-27,0.0,27-28,0.0,0.02,25-26,0.03,26-27,0.03,27-28,0.02666666666666667
KSP1,Kidston Solar Project Phase One,Ross,Y,North Queensland Clean Energy Hub,QLD,QLD1,50.0,132.0,Solar,Renewable,0.9385,0.9516,0.918,0.089,0.1948,0.219557634008624,0.0510095644706063,0.0,25-26,0.0,26-27,0.0,27-28,0.0,0.02,25-26,0.03,26-27,0.03,27-28,0.02666666666666667
KINGASF1,Kingaroy Solar Farm,Tarong,N,Non-REZ,QLD,QLD1,40.0,66.0,Solar,Renewable,0.9775,0.9795,0.9789,,,0.233985863287972,0.0559828223482727,,25-26,,26-27,,27-28,,,25-26,,26-27,,27-28,
LILYSF1,Lilyvale Solar Farm,Lilyvale,Y,Isaac,QLD,QLD1,118.4,33.0,Solar,Renewable,0.9295,0.9379,0.8953,0.0851,0.0726,0.22576156415161,0.0531062553506225,0.0,25-26,0.0,26-27,0.0,27-28,0.0,0.01,25-26,0.03,26-27,0.03,27-28,0.023333333333333334
LRSF1,Longreach Solar Farm,Lilyvale,N,Non-REZ,QLD,QLD1,15.0,132.0,Solar,Renewable,0.937,0.941,0.9009,,,0.22576156415161,0.0531062553506225,,25-26,,26-27,,27-28,,,25-26,,26-27,,27-28,
MARYRSF1,Maryrorough Solar Farm,Middle Ridge,Y,Darling Downs,QLD,QLD1,34.5,110.0,Solar,Renewable,0.9847,0.9888,0.9852,0.0175,0.1106,0.23150076097273,0.0544394673584698,0.0,25-26,0.0,26-27,0.0,27-28,0.0,0.01,25-26,0.02,26-27,0.02,27-28,0.016666666666666666
MIDDLSF1,Middlemount Solar Farm,,N,Non-REZ,QLD,QLD1,30.0,,Solar,Renewable,0.9331,0.9381,0.8972,0.031,0.0506,,,,25-26,,26-27,,27-28,,,25-26,,26-27,,27-28,
MOUSF1,Moura Solar Farm,Calliope River,Y,Fitzroy,QLD,QLD1,99.0,132.0,Solar,Renewable,0.9319,0.9328,0.8938,0.0179,0.0079,0.216663358752891,0.0509815379375577,0.0,25-26,0.0,26-27,0.0,27-28,0.0,0.01,25-26,0.04,26-27,0.02,27-28,0.023333333333333334
MUCRKSF1,Munna Creek Solar Farm,,N,Non-REZ,QLD,QLD1,154.0,,Solar,Renewable,,0.9759,0.9615,,,,,,25-26,,26-27,,27-28,,,25-26,,26-27,,27-28,
OAKEY1SF,Oakey 1 Solar Farm,Middle Ridge,Y,Darling Downs,QLD,QLD1,25.0,110.0,Solar,Renewable,0.981,0.9852,0.9838,0.1688,0.3056,0.23150076097273,0.0544394673584698,0.0,25-26,0.0,26-27,0.0,27-28,0.0,0.01,25-26,0.02,26-27,0.02,27-28,0.016666666666666666
OAKEY2SF,Oakey 2 Solar Farm,Middle Ridge,Y,Darling Downs,QLD,QLD1,55.64,110.0,Solar,Renewable,0.981,0.9852,0.9838,0.1152,0.0897,0.23150076097273,0.0544394673584698,0.0,25-26,0.0,26-27,0.0,27-28,0.0,0.01,25-26,0.02,26-27,0.02,27-28,0.016666666666666666
RRSF1,Ross River Solar Farm,Ross,Y,Northern Queensland,QLD,QLD1,128.0,132.0,Solar,Renewable,0.9385,0.9516,0.918,0.0094,0.0113,0.219557634008624,0.0510095644706063,0.0,25-26,0.0,26-27,0.0,27-28,0.0,0.01,25-26,0.04,26-27,0.04,27-28,0.03
RUGBYR1,Rugby Run Solar Farm,Lilyvale,Y,Isaac,QLD,QLD1,65.0,132.0,Solar,Renewable,0.9397,0.9463,0.9074,0.0146,0.0754,0.22576156415161,0.0531062553506225,0.0,25-26,0.0,26-27,0.0,27-28,0.0,0.01,25-26,0.03,26-27,0.03,27-28,0.023333333333333334
SMCSF1,Sun Metals Solar Farm,Townsville,Y,Northern Queensland,QLD,QLD1,143.0,132.0,Solar,Renewable,1.0159,1.0151,1.0181,0.0197,0.0959,0.219325121104852,0.0509806543175163,0.0,25-26,0.0,26-27,0.0,27-28,0.0,0.01,25-26,0.04,26-27,0.04,27-28,0.03
SRSF1,Susan River Solar Farm,Bundaberg,Y,Wide Bay,QLD,QLD1,85.26,132.0,Solar,Renewable,0.9828,0.9772,0.9566,0.012,0.1111,0.218738210926131,0.0522010106762296,0.0,25-26,0.0,26-27,0.0,27-28,0.0,0.03,25-26,0.05,26-27,0.06,27-28,0.04666666666666667
VALDORA1,Valdora Solar Farm,Palmwoods,N,Non-REZ,QLD,QLD1,15.0,132.0,Solar,Renewable,1.0145,1.0144,1.0133,,,0.240575567460725,0.0593284659737539,,25-26,,26-27,,27-28,,,25-26,,26-27,,27-28,
WANDSF1,Wandoan Solar Farm 1,Columboola,Y,Darling Downs,QLD,QLD1,160.0,275.0,Solar,Renewable,0.9785,0.9975,0.9915,0.0743,0.1905,0.223370431255546,0.0519780465459995,0.0,25-26,0.0,26-27,0.0,27-28,0.0,0.01,25-26,0.02,26-27,0.02,27-28,0.016666666666666666
WARWSF1,Warwick Solar Farm 1 ,Middle Ridge,Y,Darling Downs,QLD,QLD1,32.1,110.0,Solar,Renewable,0.9847,0.9888,0.9852,0.245,0.3423,0.23150076097273,0.0544394673584698,0.0,25-26,0.0,26-27,0.0,27-28,0.0,0.01,25-26,0.02,26-27,0.02,27-28,0.016666666666666666
WARWSF2,Warwick Solar Farm 2,Middle Ridge,Y,Darling Downs,QLD,QLD1,32.1,110.0,Solar,Renewable,0.9847,0.9888,0.9852,0.2443,0.3471,0.23150076097273,0.0544394673584698,0.0,25-26,0.0,26-27,0.0,27-28,0.0,0.01,25-26,0.02,26-27,0.02,27-28,0.016666666666666666
WDGPH1,Western Downs GPH,,N,Non-REZ,QLD,QLD1,501.0,,Solar,Renewable,0.9701,0.9767,0.9751,0.1857,0.1226,,,,25-26,,26-27,,27-28,,,25-26,,26-27,,27-28,
WHITSF1,Whitsunday Solar Farm,Strathmore,Y,Isaac,QLD,QLD1,57.5,33.0,Solar,Renewable,0.9204,0.9398,0.899,0.216,0.2744,0.221997464026796,0.0524178948511446,0.0,25-26,0.0,26-27,0.0,27-28,0.0,0.01,25-26,0.03,26-27,0.03,27-28,0.023333333333333334
WOOLGSF1,Woolooga Solar Farm,Woolooga,Y,Wide Bay,QLD,QLD1,222.5,132.0,Solar,Renewable,0.985,0.9787,0.9611,0.15,0.1592,0.23173278497921,0.0558256772551647,0.0,25-26,0.0,26-27,0.0,27-28,0.0,0.03,25-26,0.05,26-27,0.06,27-28,0.04666666666666667
YARANSF1,Yarranlea Solar Farm,Middle Ridge,Y,Darling Downs,QLD,QLD1,121.0,110.0,Solar,Renewable,0.9847,0.9888,0.9852,0.0401,0.1286,0.23150076097273,0.0544394673584698,0.0,25-26,0.0,26-27,0.0,27-28,0.0,0.01,25-26,0.02,26-27,0.02,27-28,0.016666666666666666
ADPPV1,Adelaide Desalination Plant,,N,Non-REZ,SA,SA1,24.75,,Solar,Renewable,1.0025,1.0037,1.0034,0.2903,0.256,,,,25-26,,26-27,,27-28,,,25-26,,26-27,,27-28,
ADPPV2,Adelaide Desalination Plant,,N,Non-REZ,SA,SA1,0.2,,Solar,Renewable,1.0025,1.0037,1.0034,,,,,,25-26,,26-27,,27-28,,,25-26,,26-27,,27-28,
ADPPV3,Adelaide Desalination Plant,,N,Non-REZ,SA,SA1,0.02,,Solar,Renewable,1.0025,1.0037,1.0034,,,,,,25-26,,26-27,,27-28,,,25-26,,26-27,,27-28,
BOWWPV1,Bolivar Waste Water Treatment Plant,,N,Non-REZ,SA,SA1,8.25,,Solar,Renewable,1.0004,0.9999,1.0002,,0.1726,,,,25-26,,26-27,,27-28,,,25-26,,26-27,,27-28,
BNGSF1,Bungala One Solar Farm,Davenport,Y,Northern South Australia,SA,SA1,135.0,132.0,Solar,Renewable,0.9565,0.9725,0.9698,0.2073,0.3235,0.501077617843089,0.212860651220515,0.0,25-26,0.0,26-27,0.0,27-28,0.0,0.07,25-26,0.08,26-27,0.07,27-28,0.07333333333333335
BNGSF2,Bungala Two Solar Farm,Davenport,Y,Northern South Australia,SA,SA1,135.0,132.0,Solar,Renewable,0.9565,0.9725,0.9698,0.1744,0.2766,0.501077617843089,0.212860651220515,0.0,25-26,0.0,26-27,0.0,27-28,0.0,0.07,25-26,0.08,26-27,0.07,27-28,0.07333333333333335
CBWWPV1,Christies Beach Wastewater Treatment Plant,,N,Non-REZ,SA,SA1,2.75,,Solar,Renewable,1.0025,1.0037,1.0034,,,,,,25-26,,26-27,,27-28,,,25-26,,26-27,,27-28,
CBWWPV2,Christies Beach Wastewater Treatment Plant,,N,Non-REZ,SA,SA1,1.08,,Solar,Renewable,1.0025,1.0037,1.0034,,,,,,25-26,,26-27,,27-28,,,25-26,,26-27,,27-28,
HVWWPV1,Happy Valley Water Treatment Plant,Para,N,Non-REZ,SA,SA1,11.0,66.0,Solar,Renewable,1.0043,1.0024,1.0022,0.2225,0.2415,0.511388342191138,0.22265637813532,,25-26,,26-27,,27-28,,,25-26,,26-27,,27-28,
MAPS2PV1,"Mannum - Adelaide Pipeline Pumping Station No 2, PV Units 1-6",Mobilong,Y,South East South Australia,SA,SA1,16.5,3.3,Solar,Renewable,0.9926,1.0257,1.0132,0.2199,0.2007,0.510590381447813,0.225784053085401,0.0,25-26,0.0,26-27,0.0,27-28,0.0,0.0,25-26,0.0,26-27,0.0,27-28,0.0
MAPS3PV1,"Mannum - Adelaide Pipeline Pumping Station No 3, PV Units 1-6",Mobilong,Y,South East South Australia,SA,SA1,16.5,3.3,Solar,Renewable,0.9802,1.0252,1.0135,0.2291,,0.510590381447813,0.225784053085401,0.0,25-26,0.0,26-27,0.0,27-28,0.0,0.0,25-26,0.0,26-27,0.0,27-28,0.0
MANNSF2,Mannum 2 Solar Farm,Mobilong,Y,Riverland,SA,SA1,29.99,33.0,Solar,Renewable,0.9937,0.9932,0.9955,,0.3012,0.510590381447813,0.225784053085401,0.0,25-26,0.0,26-27,0.0,27-28,0.0,0.16,25-26,0.16,26-27,0.16,27-28,0.16
MWPS1PV1,Morgan-Whyalla Pipeline Pumping Station No 1,Waterloo,Y,Riverland,SA,SA1,5.5,3.3,Solar,Renewable,0.9759,1.0146,0.966,0.1286,0.2462,0.65425629128861,0.512670422089759,0.0,25-26,0.0,26-27,0.0,27-28,0.0,0.16,25-26,0.16,26-27,0.16,27-28,0.16
MWPS2PV1,Morgan-Whyalla Pipeline Pumping Station No 2,Waterloo,Y,Riverland,SA,SA1,5.5,3.3,Solar,Renewable,0.9766,1.003,0.9723,0.1131,0.2411,0.65425629128861,0.512670422089759,0.0,25-26,0.0,26-27,0.0,27-28,0.0,0.16,25-26,0.16,26-27,0.16,27-28,0.16
MWPS3PV1,Morgan-Whyalla Pipeline Pumping Station No 3,Waterloo,Y,Riverland,SA,SA1,7.5,3.3,Solar,Renewable,0.9787,0.9897,0.9766,0.0897,0.1273,0.65425629128861,0.512670422089759,0.0,25-26,0.0,26-27,0.0,27-28,0.0,0.16,25-26,0.16,26-27,0.16,27-28,0.16
MWPS4PV1,Morgan-Whyalla Pipeline Pumping Station No 4,Waterloo,Y,Riverland,SA,SA1,5.5,3.3,Solar,Renewable,0.9751,0.9837,0.9781,0.1184,0.2031,0.65425629128861,0.512670422089759,0.0,25-26,0.0,26-27,0.0,27-28,0.0,0.16,25-26,0.16,26-27,0.16,27-28,0.16
MBPS2PV1,Murray Bridge-Onkaparinga Pipeline Pumping Station No 2,Mobilong,Y,South East South Australia,SA,SA1,13.75,11.0,Solar,Renewable,0.9993,1.0127,1.0106,0.2268,0.2284,0.510590381447813,0.225784053085401,0.0,25-26,0.0,26-27,0.0,27-28,0.0,0.0,25-26,0.0,26-27,0.0,27-28,0.0
PAREPS1,Port Augusta Renewable Energy Park,Davenport,Y,Northern South Australia,SA,SA1,79.2,275.0,Solar,Renewable,0.9608,0.9735,0.9709,0.1842,0.3589,0.501077617843089,0.212860651220515,0.0,25-26,0.0,26-27,0.0,27-28,0.0,0.07,25-26,0.08,26-27,0.07,27-28,0.07333333333333335
TB2SF1,Tailem Bend 2 Hybrid Renewable Power Station,Tailem Bend,N,Non-REZ,SA,SA1,105.0,132.0,Solar,Renewable,1.0102,0.9945,0.9963,0.1987,0.2973,0.511370986967519,0.22945882760626,,25-26,,26-27,,27-28,,,25-26,,26-27,,27-28,
TBSF1,Tailem Bend Solar Project 1,Tailem Bend,N,Non-REZ,SA,SA1,108.0,132.0,Solar,Renewable,1.009,0.9952,0.9967,0.2394,0.3511,0.511370986967519,0.22945882760626,,25-26,,26-27,,27-28,,,25-26,,26-27,,27-28,
BANN1,Bannerton Solar Park,Wemen,Y,Murray River ,VIC,VIC1,100.0,66.0,Solar,Renewable,0.8584,0.8986,0.9114,0.3236,0.2465,0.833539620209753,0.164192244302687,0.02,25-26,0.06,26-27,0.0,27-28,0.02666666666666667,0.11,25-26,0.17,26-27,0.08,27-28,0.12000000000000001
CRWARP1,Carwarp Solar Farm,,N,Non-REZ,VIC,VIC1,186.0,,Solar,Renewable,,0.8883,0.9012,,,,,,25-26,,26-27,,27-28,,,25-26,,26-27,,27-28,
COHUNSF1,Cohuna Solar Farm,Kerang,Y,Murray River ,VIC,VIC1,31.16,66.0,Solar,Renewable,0.8962,0.9305,0.9307,,,0.547516873654646,0.122422882740379,0.02,25-26,0.06,26-27,0.0,27-28,0.02666666666666667,0.11,25-26,0.17,26-27,0.08,27-28,0.12000000000000001
GANNSF1,Gannawarra Solar Farm,Kerang,Y,Murray River ,VIC,VIC1,55.0,66.0,Solar,Renewable,0.8962,0.9305,0.9307,0.0499,0.054,0.547516873654646,0.122422882740379,0.02,25-26,0.06,26-27,0.0,27-28,0.02666666666666667,0.11,25-26,0.17,26-27,0.08,27-28,0.12000000000000001
GIRGSF,Girgarre Solar Farm,Shepparton,Y,Central North Victoria,VIC,VIC1,93.48,66.0,Solar,Renewable,0.9477,0.9463,0.9223,,0.2374,0.389503957787889,0.0820562986768194,0.0,25-26,0.0,26-27,0.0,27-28,0.0,0.04,25-26,0.07,26-27,0.1,27-28,0.07
GLENSF1,Glenrowan Solar Farm,Dederang,Y,Central North Victoria,VIC,VIC1,126.0,220.0,Solar,Renewable,0.9626,0.949,0.9292,,0.0688,0.390717855103594,0.0899776871248981,0.0,25-26,0.0,26-27,0.0,27-28,0.0,0.04,25-26,0.07,26-27,0.1,27-28,0.07
GLRWNSF1,Glenrowan West Solar Farm,,N,Non-REZ,VIC,VIC1,132.0,,Solar,Renewable,0.9455,0.9402,0.922,0.1836,0.2057,,,,25-26,,26-27,,27-28,,,25-26,,26-27,,27-28,
GOESF1,Goorambat East Solar Farm,,N,Non-REZ,VIC,VIC1,348.6,,Solar,Renewable,,0.9328,0.9262,,,,,,25-26,,26-27,,27-28,,,25-26,,26-27,,27-28,
KARSF1,Karadoc Solar Farm,Red Cliffs,Y,Murray River ,VIC,VIC1,104.5,66.0,Solar,Renewable,0.8506,0.8895,0.9088,0.2761,0.159,0.8554020168196,0.072415601225557,0.02,25-26,0.06,26-27,0.0,27-28,0.02666666666666667,0.11,25-26,0.17,26-27,0.08,27-28,0.12000000000000001
KERNGSP1,Kerang Solar Plant,,N,Non-REZ,VIC,VIC1,37.0,,Solar,Renewable,0.8964,0.9329,0.933,,,,,,25-26,,26-27,,27-28,,,25-26,,26-27,,27-28,
KIAMSF1,Kiamal Solar Farm,Kiamal,Y,Murray River ,VIC,VIC1,199.95,220.0,Solar,Renewable,0.8363,0.8785,0.878,0.106,0.1081,0.827440107601162,0.0878331516592939,0.02,25-26,0.06,26-27,0.0,27-28,0.02666666666666667,0.11,25-26,0.17,26-27,0.08,27-28,0.12000000000000001
LANCSF1,Lancaster Solar Farm,,N,Non-REZ,VIC,VIC1,94.0,,Solar,Renewable,,0.9441,,,,,,,25-26,,26-27,,27-28,,,25-26,,26-27,,27-28,
MOKOSF1,Mokoan Solar Farm,,N,Non-REZ,VIC,VIC1,58.0,,Solar,Renewable,0.9484,0.9415,0.9248,,,,,,25-26,,26-27,,27-28,,,25-26,,26-27,,27-28,
NUMURSF1,Numurkah Solar Farm,Shepparton,Y,Central North Victoria,VIC,VIC1,101.08,66.0,Solar,Renewable,0.9477,0.9463,0.9223,0.2971,0.1275,0.389503957787889,0.0820562986768194,0.0,25-26,0.0,26-27,0.0,27-28,0.0,0.04,25-26,0.07,26-27,0.1,27-28,0.07
WNSF1,Wangaratta Solar Farm,,N,Non-REZ,VIC,VIC1,26.4,,Solar,Renewable,1.0015,0.9519,0.928,,,,,,25-26,,26-27,,27-28,,,25-26,,26-27,,27-28,
WEMENSF1,Wemen Solar Farm,Wemen,Y,Murray River ,VIC,VIC1,97.5,66.0,Solar,Renewable,0.8584,0.8986,0.9114,0.3065,0.2491,0.833539620209753,0.164192244302687,0.02,25-26,0.06,26-27,0.0,27-28,0.02666666666666667,0.11,25-26,0.17,26-27,0.08,27-28,0.12000000000000001
WINTSF1,Winton Solar Farm,Dederang,Y,Central North Victoria,VIC,VIC1,85.0,66.0,Solar,Renewable,0.9455,0.9402,0.922,0.2227,,0.390717855103594,0.0899776871248981,0.0,25-26,0.0,26-27,0.0,27-28,0.0,0.04,25-26,0.07,26-27,0.1,27-28,0.07
WUNUSF1,Wunghnu Solar Farm,Shepparton,N,Non-REZ,VIC,VIC1,93.5,66.0,Solar,Renewable,0.9477,0.9463,0.9223,,,0.389503957787889,0.0820562986768194,,25-26,,26-27,,27-28,,,25-26,,26-27,,27-28,
YATSF1,Yatpool Solar Farm,Red Cliffs,Y,Murray River ,VIC,VIC1,44.0,66.0,Solar,Renewable,0.8506,0.8895,0.9088,0.2786,0.2351,0.8554020168196,0.072415601225557,0.02,25-26,0.06,26-27,0.0,27-28,0.02666666666666667,0.11,25-26,0.17,26-27,0.08,27-28,0.12000000000000001
BANGOWF1,Bango 973 Wind Farm,,N,Non-REZ,NSW,NSW1,159.0,,Wind,Renewable,0.9047,0.9226,0.9214,0.042,0.0528,,,,25-26,,26-27,,27-28,,,25-26,,26-27,,27-28,
BANGOWF2,Bango 999 Wind Farm,,N,Non-REZ,NSW,NSW1,84.8,,Wind,Renewable,0.9182,0.9355,0.9349,0.0983,0.1308,,,,25-26,,26-27,,27-28,,,25-26,,26-27,,27-28,
BOCORWF1,Boco Rock Wind Farm,,N,Non-REZ,NSW,NSW1,113.18,,Wind,Renewable,0.9344,0.9557,0.958,0.006,0.0143,,,,25-26,,26-27,,27-28,,,25-26,,26-27,,27-28,
BODWF1,Bodangora Wind Farm ,,N,Non-REZ,NSW,NSW1,113.19,,Wind,Renewable,0.9518,0.9638,0.9544,0.0213,0.0265,,,,25-26,,26-27,,27-28,,,25-26,,26-27,,27-28,
CAPTL_WF,Capital Wind Farm,,N,Non-REZ,NSW,NSW1,140.0,,Wind,Renewable,0.9467,0.9649,0.9645,,,,,,25-26,,26-27,,27-28,,,25-26,,26-27,,27-28,
COLWF01,Collector Wind Farm 1,,N,Non-REZ,NSW,NSW1,226.0,,Wind,Renewable,0.9495,0.9628,0.9608,0.0031,0.0066,,,,25-26,,26-27,,27-28,,,25-26,,26-27,,27-28,
CROOKWF2,Crookwell 2 Wind Farm,,N,Non-REZ,NSW,NSW1,96.04,,Wind,Renewable,0.9512,0.9644,0.9619,,,,,,25-26,,26-27,,27-28,,,25-26,,26-27,,27-28,
CROOKWF3,Crookwell 3 Wind Farm,,N,Non-REZ,NSW,NSW1,57.0,,Wind,Renewable,0.9588,0.962,0.9615,,,,,,25-26,,26-27,,27-28,,,25-26,,26-27,,27-28,
CRURWF1,Crudine Ridge Wind Farm,,N,Non-REZ,NSW,NSW1,141.0,,Wind,Renewable,0.928,0.9409,0.9276,0.0109,0.0298,,,,25-26,,26-27,,27-28,,,25-26,,26-27,,27-28,
CULLRGWF,Cullerin Range Wind Farm,,N,Non-REZ,NSW,NSW1,30.0,,Wind,Renewable,0.9317,0.9521,0.9483,,,,,,25-26,,26-27,,27-28,,,25-26,,26-27,,27-28,
FLYCRKWF,Flyers Creek Wind Farm,,N,Non-REZ,NSW,NSW1,145.0,,Wind,Renewable,1.0205,1.0278,1.0041,,0.0509,,,,25-26,,26-27,,27-28,,,25-26,,26-27,,27-28,
GULLRWF1,Gullen Range Wind Farm,,N,Non-REZ,NSW,NSW1,165.0,,Wind,Renewable,0.9498,0.962,0.9605,0.0024,0.0168,,,,25-26,,26-27,,27-28,,,25-26,,26-27,,27-28,
GULLRWF2,Gullen Range Wind Farm,,N,Non-REZ,NSW,NSW1,110.0,,Wind,Renewable,0.9498,0.962,0.9605,0.0155,0.055,,,,25-26,,26-27,,27-28,,,25-26,,26-27,,27-28,
GUNNING1,Gunning Wind Farm,,N,Non-REZ,NSW,NSW1,46.5,,Wind,Renewable,0.9317,0.9521,0.9483,0.0239,0.0178,,,,25-26,,26-27,,27-28,,,25-26,,26-27,,27-28,
RYEPARK1,Rye Park Renewable Energy,,N,Non-REZ,NSW,NSW1,396.0,,Wind,Renewable,0.9427,0.9595,0.9578,,0.0134,,,,25-26,,26-27,,27-28,,,25-26,,26-27,,27-28,
SAPHWF1,Sapphire Wind Farm,,N,Non-REZ,NSW,NSW1,270.0,,Wind,Renewable,0.9012,0.8558,0.8684,0.0048,0.0056,,,,25-26,,26-27,,27-28,,,25-26,,26-27,,27-28,
STWF1,Silverton Wind Farm,,N,Non-REZ,NSW,NSW1,198.94,,Wind,Renewable,0.805,0.8627,0.8871,0.0354,0.064,,,,25-26,,26-27,,27-28,,,25-26,,26-27,,27-28,
TARALGA1,Taralga Wind Farm,,N,Non-REZ,NSW,NSW1,106.8,,Wind,Renewable,1.0088,0.9971,1.0006,0.0001,0.0002,,,,25-26,,26-27,,27-28,,,25-26,,26-27,,27-28,
WRWF1,White Rock Wind Farm,,N,Non-REZ,NSW,NSW1,175.0,,Wind,Renewable,0.8453,0.8149,0.8286,0.0291,0.0573,,,,25-26,,26-27,,27-28,,,25-26,,26-27,,27-28,
WOODLWN1,Woodlawn Wind Farm,,N,Non-REZ,NSW,NSW1,48.3,,Wind,Renewable,0.9467,0.9649,0.9645,0.0157,0.0294,,,,25-26,,26-27,,27-28,,,25-26,,26-27,,27-28,
CLRKCWF1,Clarke Creek Wind Farm,,N,Non-REZ,QLD,QLD1,345.5,,Wind,Renewable,0.9497,0.943,0.9326,,,,,,25-26,,26-27,,27-28,,,25-26,,26-27,,27-28,
CLRKCWF2,Clarke Creek Wind Farm,,N,Non-REZ,QLD,QLD1,103.5,,Wind,Renewable,0.9497,0.943,0.9326,,,,,,25-26,,26-27,,27-28,,,25-26,,26-27,,27-28,
COOPGWF1,Coopers Gap Wind Farm,,N,Non-REZ,QLD,QLD1,452.0,,Wind,Renewable,0.9672,0.9691,0.9705,0.0006,0.029,,,,25-26,,26-27,,27-28,,,25-26,,26-27,,27-28,
DULAWF1,Dulacca Wind Farm,,N,Non-REZ,QLD,QLD1,180.0,,Wind,Renewable,0.977,0.9853,0.9869,0.0044,0.0032,,,,25-26,,26-27,,27-28,,,25-26,,26-27,,27-28,
KABANWF1,Kaban Wind Farm,,N,Non-REZ,QLD,QLD1,156.0,,Wind,Renewable,0.9605,0.9696,0.9484,0.0125,0.0136,,,,25-26,,26-27,,27-28,,,25-26,,26-27,,27-28,
KEPWF1,Kennedy Energy Park,,N,Non-REZ,QLD,QLD1,43.0,,Wind,Renewable,0.9703,0.9813,0.9664,0.0103,0.0236,,,,25-26,,26-27,,27-28,,,25-26,,26-27,,27-28,
MCINTYR1,MacIntyre Wind Farm,,N,Non-REZ,QLD,QLD1,923.0,,Wind,Renewable,0.9734,0.9723,0.9727,,,,,,25-26,,26-27,,27-28,,,25-26,,26-27,,27-28,
MEWF1,Mount Emerald Wind Farm,,N,Non-REZ,QLD,QLD1,180.0,,Wind,Renewable,0.9527,0.9649,0.9451,0.0247,0.0396,,,,25-26,,26-27,,27-28,,,25-26,,26-27,,27-28,
WAMBOWF1,Wambo Wind Farm 1,,N,Non-REZ,QLD,QLD1,252.0,,Wind,Renewable,0.9698,0.967,0.9703,,,,,,25-26,,26-27,,27-28,,,25-26,,26-27,,27-28,
WHILL1,Windy Hill Wind Farm,,N,Non-REZ,QLD,QLD1,12.0,,Wind,Renewable,1.0142,1.0128,1.01,,,,,,25-26,,26-27,,27-28,,,25-26,,26-27,,27-28,
CNUNDAWF,Canunda Wind Farm,,N,Non-REZ,SA,SA1,46.0,,Wind,Renewable,0.9755,0.9333,0.9458,0.1746,0.254,,,,25-26,,26-27,,27-28,,,25-26,,26-27,,27-28,
CATHROCK,Cathedral Rocks,,N,Non-REZ,SA,SA1,66.0,,Wind,Renewable,0.9309,0.9467,0.9408,0.1389,0.0515,,,,25-26,,26-27,,27-28,,,25-26,,26-27,,27-28,
CLEMGPWF,Clements Gap Wind Farm,,N,Non-REZ,SA,SA1,57.0,,Wind,Renewable,0.9486,0.9604,0.9605,0.0134,0.0062,,,,25-26,,26-27,,27-28,,,25-26,,26-27,,27-28,
GSWF1A,Goyder South Wind Farm 1A,,N,Non-REZ,SA,SA1,209.0,,Wind,Renewable,0.9643,0.9697,0.9711,,0.176,,,,25-26,,26-27,,27-28,,,25-26,,26-27,,27-28,
GSWF1B1,Goyder South Wind Farm 1B,,N,Non-REZ,SA,SA1,203.0,,Wind,Renewable,0.9641,0.9689,0.971,,,,,,25-26,,26-27,,27-28,,,25-26,,26-27,,27-28,
HALLWF1,Hallett 1 Wind Farm,,N,Non-REZ,SA,SA1,94.5,,Wind,Renewable,0.9565,0.9663,0.9635,0.0813,0.1169,,,,25-26,,26-27,,27-28,,,25-26,,26-27,,27-28,
HALLWF2,Hallett 2 Wind Farm,,N,Non-REZ,SA,SA1,71.4,,Wind,Renewable,0.9526,0.9608,0.962,0.0914,0.1053,,,,25-26,,26-27,,27-28,,,25-26,,26-27,,27-28,
HDWF1,Hornsdale Wind Farm,,N,Non-REZ,SA,SA1,102.4,,Wind,Renewable,0.9423,0.956,0.9538,0.0092,0.0033,,,,25-26,,26-27,,27-28,,,25-26,,26-27,,27-28,
HDWF2,Hornsdale Wind Farm 2,,N,Non-REZ,SA,SA1,102.4,,Wind,Renewable,0.9423,0.956,0.9538,0.0085,0.0038,,,,25-26,,26-27,,27-28,,,25-26,,26-27,,27-28,
HDWF3,Hornsdale Wind Farm 3,,N,Non-REZ,SA,SA1,112.0,,Wind,Renewable,0.9423,0.956,0.9538,0.0092,0.0027,,,,25-26,,26-27,,27-28,,,25-26,,26-27,,27-28,
LKBONNY2,Lake Bonney Stage 2 Windfarm,,N,Non-REZ,SA,SA1,159.0,,Wind,Renewable,0.9709,0.9297,0.939,0.1058,0.1941,,,,25-26,,26-27,,27-28,,,25-26,,26-27,,27-28,
LKBONNY3,Lake Bonney Stage 3 Wind Farm,,N,Non-REZ,SA,SA1,39.0,,Wind,Renewable,0.9709,0.9297,0.939,0.1939,0.2514,,,,25-26,,26-27,,27-28,,,25-26,,26-27,,27-28,
LKBONNY1,Lake Bonney Wind Farm Stage 1,,N,Non-REZ,SA,SA1,80.5,,Wind,Renewable,0.9709,0.9297,0.939,0.1878,0.2535,,,,25-26,,26-27,,27-28,,,25-26,,26-27,,27-28,
LGAPWF1,Lincoln Gap Wind Farm,,N,Non-REZ,SA,SA1,126.0,,Wind,Renewable,0.9576,0.9689,0.9662,0.0967,0.1438,,,,25-26,,26-27,,27-28,,,25-26,,26-27,,27-28,
LGAPWF2,Lincoln Gap Wind Farm,,N,Non-REZ,SA,SA1,86.0,,Wind,Renewable,0.9576,0.9689,0.9662,0.1085,0.1628,,,,25-26,,26-27,,27-28,,,25-26,,26-27,,27-28,
MTMILLAR,Mt Millar Wind Farm,,N,Non-REZ,SA,SA1,70.0,,Wind,Renewable,0.9162,0.9403,0.9379,0.1885,0.287,,,,25-26,,26-27,,27-28,,,25-26,,26-27,,27-28,
NBHWF1,North Brown Hill Wind Farm,,N,Non-REZ,SA,SA1,132.3,,Wind,Renewable,0.9467,0.9579,0.9583,0.0739,0.1193,,,,25-26,,26-27,,27-28,,,25-26,,26-27,,27-28,
PAREPW1,Port Augusta Renewable Energy Park,,N,Non-REZ,SA,SA1,210.0,,Wind,Renewable,0.9608,0.9735,0.9709,0.0914,0.1943,,,,25-26,,26-27,,27-28,,,25-26,,26-27,,27-28,
SNOWSTH1,Snowtown South Wind Farm,,N,Non-REZ,SA,SA1,126.0,,Wind,Renewable,0.9613,0.9695,0.9694,0.0071,0.0037,,,,25-26,,26-27,,27-28,,,25-26,,26-27,,27-28,
SNOWNTH1,Snowtown Wind Farm Stage 2 North,,N,Non-REZ,SA,SA1,144.0,,Wind,Renewable,0.9613,0.9695,0.9694,0.0101,0.0026,,,,25-26,,26-27,,27-28,,,25-26,,26-27,,27-28,
SNOWTWN1,Snowtown Wind Farm Units 1 And 47,,N,Non-REZ,SA,SA1,99.0,,Wind,Renewable,0.8932,0.9157,0.9112,0.1075,0.1825,,,,25-26,,26-27,,27-28,,,25-26,,26-27,,27-28,
STARHLWF,Starfish Hill Wind Farm,,N,Non-REZ,SA,SA1,34.5,,Wind,Renewable,1.0025,1.0037,1.0034,0.0,0.0,,,,25-26,,26-27,,27-28,,,25-26,,26-27,,27-28,
BLUFF1,The Bluff Wind Farm,,N,Non-REZ,SA,SA1,52.5,,Wind,Renewable,0.9467,0.9579,0.9583,0.1016,0.0847,,,,25-26,,26-27,,27-28,,,25-26,,26-27,,27-28,
WATERLWF,Waterloo Wind Farm,,N,Non-REZ,SA,SA1,130.8,,Wind,Renewable,0.9547,0.9624,0.9611,0.0239,0.0203,,,,25-26,,26-27,,27-28,,,25-26,,26-27,,27-28,
WPWF,Wattle Point Wind Farm,,N,Non-REZ,SA,SA1,90.75,,Wind,Renewable,0.8179,0.8456,0.844,0.0871,0.1598,,,,25-26,,26-27,,27-28,,,25-26,,26-27,,27-28,
WGWF1,Willogoleche Wind Farm,,N,Non-REZ,SA,SA1,122.0,,Wind,Renewable,0.9498,0.9601,0.9605,0.0941,0.0426,,,,25-26,,26-27,,27-28,,,25-26,,26-27,,27-28,
CTHLWF1,Cattle Hill Wind Farm,,N,Non-REZ,TAS,TAS1,148.0,,Wind,Renewable,0.9908,0.9924,0.998,0.0051,0.0068,,,,25-26,,26-27,,27-28,,,25-26,,26-27,,27-28,
GRANWF1,Granville Harbour Wind Farm,,N,Non-REZ,TAS,TAS1,110.0,,Wind,Renewable,0.9473,0.9555,0.9611,0.007,0.0033,,,,25-26,,26-27,,27-28,,,25-26,,26-27,,27-28,
MUSSELR1,Musselroe Wind Farm,,N,Non-REZ,TAS,TAS1,168.0,,Wind,Renewable,0.9199,0.9101,0.9125,0.013,0.0135,,,,25-26,,26-27,,27-28,,,25-26,,26-27,,27-28,
WOOLNTH1,Woolnorth Studland Bay / Bluff Point Wind Farm,,N,Non-REZ,TAS,TAS1,140.0,,Wind,Renewable,0.8951,0.9224,0.9324,,,,,,25-26,,26-27,,27-28,,,25-26,,26-27,,27-28,
ARWF1,Ararat Wind Farm,,N,Non-REZ,VIC,VIC1,241.59,,Wind,Renewable,0.8856,0.9031,0.8999,0.0756,0.0482,,,,25-26,,26-27,,27-28,,,25-26,,26-27,,27-28,
BALDHWF1,Bald Hills Wind Farm,,N,Non-REZ,VIC,VIC1,106.6,,Wind,Renewable,0.9848,0.9862,0.9914,0.0078,0.0051,,,,25-26,,26-27,,27-28,,,25-26,,26-27,,27-28,
BRYB2WF2,Berrybank 2 Wind Farm,,N,Non-REZ,VIC,VIC1,109.0,,Wind,Renewable,0.9315,0.9465,0.945,0.2041,0.1906,,,,25-26,,26-27,,27-28,,,25-26,,26-27,,27-28,
BRYB1WF1,Berrybank Wind Farm,,N,Non-REZ,VIC,VIC1,180.6,,Wind,Renewable,0.9315,0.9465,0.945,0.045,0.0316,,,,25-26,,26-27,,27-28,,,25-26,,26-27,,27-28,
BULGANA1,Bulgana Green Power Hub,,N,Non-REZ,VIC,VIC1,204.0,,Wind,Renewable,0.8733,0.8907,0.89,0.0347,0.0284,,,,25-26,,26-27,,27-28,,,25-26,,26-27,,27-28,
CHALLHWF,Challicum Hills Wind Farm,,N,Non-REZ,VIC,VIC1,52.5,,Wind,Renewable,0.9718,0.9825,0.9801,,,,,,25-26,,26-27,,27-28,,,25-26,,26-27,,27-28,
CHPSTWF1,Chepstowe Wind Farm,,N,Non-REZ,VIC,VIC1,6.15,,Wind,Renewable,0.9718,0.9825,,,,,,,25-26,,26-27,,27-28,,,25-26,,26-27,,27-28,
CHYTWF1,Cherry Tree Wind Farm,,N,Non-REZ,VIC,VIC1,57.6,,Wind,Renewable,0.9976,0.998,0.9978,0.0578,0.0958,,,,25-26,,26-27,,27-28,,,25-26,,26-27,,27-28,
CODRNGTON,Codrington Wind Farm,,N,Non-REZ,VIC,VIC1,18.2,,Wind,Renewable,0.9993,1.0018,0.9952,,,,,,25-26,,26-27,,27-28,,,25-26,,26-27,,27-28,
CBWF1,Coonooer Bridge Wind Farm,,N,Non-REZ,VIC,VIC1,19.8,,Wind,Renewable,1.0072,1.0166,1.0065,,,,,,25-26,,26-27,,27-28,,,25-26,,26-27,,27-28,
CROWLWF1,Crowlands Wind Farm,,N,Non-REZ,VIC,VIC1,79.95,,Wind,Renewable,0.8833,0.9004,0.9,0.0553,0.0678,,,,25-26,,26-27,,27-28,,,25-26,,26-27,,27-28,
DIAPURWF1,Diapur Wind Farm,,N,Non-REZ,VIC,VIC1,8.0,,Wind,Renewable,0.8733,0.8959,0.901,,,,,,25-26,,26-27,,27-28,,,25-26,,26-27,,27-28,
DUNDWF1,Dundonnell Wind Farm,,N,Non-REZ,VIC,VIC1,168.0,,Wind,Renewable,0.981,0.9845,0.9833,0.1012,0.125,,,,25-26,,26-27,,27-28,,,25-26,,26-27,,27-28,
DUNDWF2,Dundonnell Wind Farm,,N,Non-REZ,VIC,VIC1,46.0,,Wind,Renewable,0.981,0.9845,0.9833,0.0735,0.0467,,,,25-26,,26-27,,27-28,,,25-26,,26-27,,27-28,
DUNDWF3,Dundonnell Wind Farm,,N,Non-REZ,VIC,VIC1,121.0,,Wind,Renewable,0.981,0.9845,0.9833,0.0794,0.0331,,,,25-26,,26-27,,27-28,,,25-26,,26-27,,27-28,
ELAINWF1,Elaine Wind Farm,,N,Non-REZ,VIC,VIC1,83.6,,Wind,Renewable,0.9475,0.9569,0.9569,0.1555,,,,,25-26,,26-27,,27-28,,,25-26,,26-27,,27-28,
FNWF1,Ferguson North Wind Farm,,N,Non-REZ,VIC,VIC1,4.0,,Wind,Renewable,0.9993,,,,,,,,25-26,,26-27,,27-28,,,25-26,,26-27,,27-28,
FSWF1,Ferguson South Wind Farm,,N,Non-REZ,VIC,VIC1,8.0,,Wind,Renewable,0.9993,1.0018,0.9952,,,,,,25-26,,26-27,,27-28,,,25-26,,26-27,,27-28,
GPWFEST1,Golden Plains Wind Farm East,,N,Non-REZ,VIC,VIC1,248.0,,Wind,Renewable,0.9808,0.9834,0.9819,,,,,,25-26,,26-27,,27-28,,,25-26,,26-27,,27-28,
GPWFEST2,Golden Plains Wind Farm East,,N,Non-REZ,VIC,VIC1,260.4,,Wind,Renewable,0.9808,0.9834,0.9819,,,,,,25-26,,26-27,,27-28,,,25-26,,26-27,,27-28,
GPWFEST3,Golden Plains Wind Farm East,,N,Non-REZ,VIC,VIC1,248.0,,Wind,Renewable,0.9808,0.9834,0.9819,,,,,,25-26,,26-27,,27-28,,,25-26,,26-27,,27-28,
GPWFWST1,Golden Plains Wind Farm West,,N,Non-REZ,VIC,VIC1,266.0,,Wind,Renewable,,0.9837,0.9824,,,,,,25-26,,26-27,,27-28,,,25-26,,26-27,,27-28,
GPWFWST2,Golden Plains Wind Farm West,,N,Non-REZ,VIC,VIC1,310.0,,Wind,Renewable,,0.9837,0.9824,,,,,,25-26,,26-27,,27-28,,,25-26,,26-27,,27-28,
HD1WF1,Hawkesdale Wind Farm,,N,Non-REZ,VIC,VIC1,96.6,,Wind,Renewable,0.9809,0.9865,0.9829,,0.1766,,,,25-26,,26-27,,27-28,,,25-26,,26-27,,27-28,
HEPWIND1,Hepburn Community Wind Farm,,N,Non-REZ,VIC,VIC1,4.1,,Wind,Renewable,0.9718,0.9825,0.9801,,,,,,25-26,,26-27,,27-28,,,25-26,,26-27,,27-28,
KIATAWF1,Kiata Wind Farm,,N,Non-REZ,VIC,VIC1,31.05,,Wind,Renewable,0.8733,0.8959,0.901,0.1062,0.173,,,,25-26,,26-27,,27-28,,,25-26,,26-27,,27-28,
MACARTH1,Macarthur Wind Farm,,N,Non-REZ,VIC,VIC1,420.0,,Wind,Renewable,0.9781,0.9829,0.983,0.074,0.1339,,,,25-26,,26-27,,27-28,,,25-26,,26-27,,27-28,
MAROOWF1,Maroona Wind Farm,,N,Non-REZ,VIC,VIC1,6.8,,Wind,Renewable,0.9718,0.9825,0.9801,,,,,,25-26,,26-27,,27-28,,,25-26,,26-27,,27-28,
MOORAWF1,Moorabool Wind Farm ,,N,Non-REZ,VIC,VIC1,312.0,,Wind,Renewable,0.9475,0.9569,0.9569,0.0878,0.0847,,,,25-26,,26-27,,27-28,,,25-26,,26-27,,27-28,
MRTLSWF1,Mortlake South Wind Farm,,N,Non-REZ,VIC,VIC1,157.5,,Wind,Renewable,0.943,0.9525,0.9519,0.1264,0.0981,,,,25-26,,26-27,,27-28,,,25-26,,26-27,,27-28,
MLWF1,Mortons Lane Wind Farm,,N,Non-REZ,VIC,VIC1,20.0,,Wind,Renewable,0.9993,1.0018,0.9952,,,,,,25-26,,26-27,,27-28,,,25-26,,26-27,,27-28,
MTGELWF1,Mt Gellibrand Wind Farm,,N,Non-REZ,VIC,VIC1,138.0,,Wind,Renewable,0.9855,0.9879,0.9894,0.05,0.0498,,,,25-26,,26-27,,27-28,,,25-26,,26-27,,27-28,
MERCER01,Mt Mercer Wind Farm,,N,Non-REZ,VIC,VIC1,131.2,,Wind,Renewable,0.9475,0.9569,0.9569,0.1784,0.2533,,,,25-26,,26-27,,27-28,,,25-26,,26-27,,27-28,
MUWAWF1,Murra Warra Wind Farm,,N,Non-REZ,VIC,VIC1,231.8,,Wind,Renewable,0.8619,0.8817,0.8881,0.1857,0.2838,,,,25-26,,26-27,,27-28,,,25-26,,26-27,,27-28,
MUWAWF2,Murra Warra Wind Farm Stage 2,,N,Non-REZ,VIC,VIC1,209.0,,Wind,Renewable,0.8619,0.8817,0.8881,0.1619,0.2355,,,,25-26,,26-27,,27-28,,,25-26,,26-27,,27-28,
OAKLAND1,Oaklands Hill Wind Farm,,N,Non-REZ,VIC,VIC1,67.0,,Wind,Renewable,0.9993,1.0018,0.9952,0.0583,0.077,,,,25-26,,26-27,,27-28,,,25-26,,26-27,,27-28,
RYANCWF1,Ryan Corner Wind Farm,,N,Non-REZ,VIC,VIC1,218.4,,Wind,Renewable,0.9787,0.9875,0.9837,,0.0931,,,,25-26,,26-27,,27-28,,,25-26,,26-27,,27-28,
SALTCRK1,Salt Creek Wind Farm,,N,Non-REZ,VIC,VIC1,54.0,,Wind,Renewable,0.9388,0.9519,0.951,0.1607,0.2295,,,,25-26,,26-27,,27-28,,,25-26,,26-27,,27-28,
STOCKYD1,Stockyard Hill Wind Farm,,N,Non-REZ,VIC,VIC1,531.0,,Wind,Renewable,0.9812,0.9845,0.9832,0.0653,0.0216,,,,25-26,,26-27,,27-28,,,25-26,,26-27,,27-28,
TIMWEST,Timboon West Wind Farm,,N,Non-REZ,VIC,VIC1,7.2,,Wind,Renewable,0.9993,1.0018,0.9952,,,,,,25-26,,26-27,,27-28,,,25-26,,26-27,,27-28,
TOORAWF,Toora Wind Farm,,N,Non-REZ,VIC,VIC1,21.0,,Wind,Renewable,0.9848,0.9862,0.9914,,,,,,25-26,,26-27,,27-28,,,25-26,,26-27,,27-28,
WAUBRAWF,Waubra Wind Farm,,N,Non-REZ,VIC,VIC1,192.0,,Wind,Renewable,0.9149,0.9329,0.9317,,,,,,25-26,,26-27,,27-28,,,25-26,,26-27,,27-28,
WONWP,Wonthaggi Wind Farm,,N,Non-REZ,VIC,VIC1,12.0,,Wind,Renewable,0.9848,0.9862,0.9914,,,,,,25-26,,26-27,,27-28,,,25-26,,26-27,,27-28,
YSWF1,Yaloak South Wind Farm,,N,Non-REZ,VIC,VIC1,28.7,,Wind,Renewable,0.9718,0.9825,0.9801,,,,,,25-26,,26-27,,27-28,,,25-26,,26-27,,27-28,
YAMBUKWF,Yambuk Wind Farm,,N,Non-REZ,VIC,VIC1,30.0,,Wind,Renewable,0.9993,1.0018,0.9952,,,,,,25-26,,26-27,,27-28,,,25-26,,26-27,,27-28,
YAWWF1,Yawong Wind Farm,,N,Non-REZ,VIC,VIC1,7.2,,Wind,Renewable,1.0072,1.0166,1.0065,,,,,,25-26,,26-27,,27-28,,,25-26,,26-27,,27-28,
YENDWF1,Yendon Wind Farm,,N,Non-REZ,VIC,VIC1,144.4,,Wind,Renewable,0.9425,0.9537,0.9562,0.1421,0.1581,,,,25-26,,26-27,,27-28,,,25-26,,26-27,,27-28,
